{"cameraMode":{"drawMode":0,"name":"Shaded","section":"Shading Mode"},"sceneLighting":true,"audioPlay":false,"sceneViewState":{"showFog":true,"showMaterialUpdate":false,"showSkybox":true,"showFlares":true,"showImageEffects":true,"showParticleSystems":true},"in2DMode":false,"pivot":{"x":0.8169498443603516,"y":-0.1798105239868164,"z":1.333724021911621},"rotation":{"x":-0.20340320467948914,"y":0.22019007802009583,"z":-0.047005534172058108,"w":-0.9528616666793823},"size":10.198874473571778,"orthographic":false}