{"cameraMode":{"drawMode":0,"name":"Shaded","section":"Shading Mode"},"sceneLighting":true,"audioPlay":false,"sceneViewState":{"showFog":true,"showMaterialUpdate":true,"showSkybox":true,"showFlares":true,"showImageEffects":true,"showParticleSystems":true},"in2DMode":false,"pivot":{"x":-2.7795281410217287,"y":2.7253029346466066,"z":25.0753173828125},"rotation":{"x":-0.19964608550071717,"y":0.17443618178367616,"z":-0.03614332526922226,"w":-0.9635397791862488},"size":16.485071182250978,"orthographic":false}