{"cameraMode":{"drawMode":0,"name":"Shaded","section":"Shading Mode"},"sceneLighting":true,"audioPlay":false,"sceneViewState":{"showFog":false,"showMaterialUpdate":false,"showSkybox":false,"showFlares":false,"showImageEffects":false,"showParticleSystems":false},"in2DMode":false,"pivot":{"x":13.885903358459473,"y":4.842256546020508,"z":7.1049652099609379},"rotation":{"x":-0.12813633680343629,"y":0.1853923797607422,"z":-0.024390388280153276,"w":-0.9739707112312317},"size":16.2656192779541,"orthographic":false}