{"cameraMode":{"drawMode":0,"name":"Shaded","section":"Shading Mode"},"sceneLighting":true,"audioPlay":false,"sceneViewState":{"showFog":true,"showMaterialUpdate":false,"showSkybox":true,"showFlares":true,"showImageEffects":true,"showParticleSystems":true},"in2DMode":false,"pivot":{"x":-2.711777687072754,"y":-2.167985439300537,"z":-3.5846786499023439},"rotation":{"x":-0.20204678177833558,"y":0.3294873833656311,"z":-0.07240277528762818,"w":-0.9194477796554565},"size":8.556319236755371,"orthographic":false}