{"cameraMode":{"drawMode":0,"name":"Shaded","section":"Shading Mode"},"sceneLighting":true,"audioPlay":false,"sceneViewState":{"showFog":true,"showMaterialUpdate":false,"showSkybox":true,"showFlares":true,"showImageEffects":true,"showParticleSystems":true},"in2DMode":false,"pivot":{"x":3.6710309982299806,"y":1.320596694946289,"z":11.932116508483887},"rotation":{"x":-0.19252006709575654,"y":0.26474830508232119,"z":-0.054025799036026,"w":-0.9433795809745789},"size":13.746216773986817,"orthographic":false}