{"cameraMode":{"drawMode":0,"name":"Shaded","section":"Shading Mode"},"sceneLighting":true,"audioPlay":false,"sceneViewState":{"showFog":true,"showMaterialUpdate":false,"showSkybox":true,"showFlares":true,"showImageEffects":true,"showParticleSystems":true},"in2DMode":false,"pivot":{"x":8.017754554748536,"y":1.7531805038452149,"z":2.0226058959960939},"rotation":{"x":-0.22013576328754426,"y":0.22642451524734498,"z":-0.052610643208026889,"w":-0.9473839402198792},"size":16.077091217041017,"orthographic":false}