{"cameraMode":{"drawMode":0,"name":"Shaded","section":"Shading Mode"},"sceneLighting":true,"audioPlay":false,"sceneViewState":{"showFog":false,"showMaterialUpdate":true,"showSkybox":true,"showFlares":true,"showImageEffects":true,"showParticleSystems":true},"in2DMode":false,"pivot":{"x":-1.5152111053466797,"y":-4.9138946533203129,"z":20.096233367919923},"rotation":{"x":0.20374728739261628,"y":-0.2508319020271301,"z":0.05409198999404907,"w":0.9448012113571167},"size":24.95694923400879,"orthographic":false}